{
    "title": "My Script Caller",
    "icon": {
        "file": "icons/icon-16.png"
    },
    "menu": [
        {
            "title": "Google",
            "matches": "https://www.google.com/",
            "injectionScript": "alert(\"sample of injection code\");",
            "nativeScript": "// function NativeScriptFunction(info)\n//    info: object containing information of web page in ative tab\nfunction NativeScriptFunction(info) {\n    const jsdom = require(\"jsdom\");\n    const { JSDOM } = jsdom;\n    const execFile = require('child_process').execFile;\n\n    const html = info.html;\n    const dom = new JSDOM(html);\n    const doc = dom.window.document;\n    const title = doc.querySelector(\"title\").innerHTML.toString().replace(/[&:|\"'\\r\\n]/g, \" \");\n    execFile('cmd',  ['/c', 'start', 'cmd', '/c', `echo Title = ${title} & pause`]);\n    \n    //execFile('cmd',  ['/c', 'start', 'powershell', '-c', 'echo xxx; Read-Host \"Hit Return\"']);\n    //execFile('notepad.exe');\n}\n",
            "removal": "script"
        },
        {
            "title": "Show Title in Command Prompt",
            "matches": "http://*/*,https://*/*",
            "injectionScript": "// Injection Code\r\n//\r\n// Object returned by IIFE will be passed to Native code\r\n// If the returned object have \"error\" key, it is handled as error.\r\n\r\n(function() { // IIFE (Immediately Invoked Function Expression) \r\n    try {\r\n        var title = document.querySelector(\"title\");\r\n        if( title ) {\r\n            return {title: title.innerHTML}\r\n        } else {\r\n            return {title: \"failed to get title\" }\r\n        }\r\n    } catch(err) {\r\n        // when error, return object should have \"error\" key\r\n        return {error:err.name, message:err.message, stack:err.stack}\r\n    }\r\n})();\r\n",
            "nativeScript": "// function NativeScriptFunction(info)\n//    info: object containing information of web page in ative tab\nfunction NativeScriptFunction(info) {\n    const execFile = require('child_process').execFile;\n    const title = info.title;\n    execFile('cmd',  ['/c', 'start', 'cmd', '/c', `echo Title = ${title} & pause`]);\n    \n    //execFile('cmd',  ['/c', 'start', 'powershell', '-c', 'echo xxx; Read-Host \"Hit Return\"']);\n    //execFile('notepad.exe');\n}\n",
            "removal": "script;div"
        },
        {
            "title": "Open by IE",
            "matches": "*://*/*",
            "nativeScript": "// function NativeScriptFunction(info)\n//    info: object containing information of web page in ative tab\nfunction NativeScriptFunction(info) {\n    const url = info.url;\n    const ie = \"C:\\\\Program Files\\\\Internet Explorer\\\\iexplore.exe\";\n    execFile(ie,  [url]);   \n}\n",
            "removal": "script"
        }
    ]
}