{
    "title": "My Script Caller",
    "icon": {
        "file": "icons/icon-16.png"
    },
    "menu": [
        {
            "title": "View HTML source of DOM",
            "matches": [
                "http://",
                "https://"
            ],
            "injectionScript":  "var o=new XMLSerializer();\r\nw=window.open();\r\nd=w.document;\r\nd.open();\r\nd.write(o.serializeToString(document.documentElement).replace(/&/g, '&amp;').replace(/</g, '&lt;').replace(/>/g, '&gt;').replace(/\"/g,'&quot;'));\r\nd.close();\r\n\r\n"
        },
        {
            "title": "MICARD/MoneyLook転送",
            "matches": [
                "http"
            ],
            "injectionScript":  "var code = document.documentElement.outerHTML;\r\nd = window.open().document;\r\nd.open();\r\nd.write(\"<html><head></head><body><h2>sending html to cloud...</h2></body></html>\");\r\nd.close();\r\nvar act = d.createElement('form');\r\nact.action = 'https://proven-mystery-220011.appspot.com/sadakane/kakeiboHtml';\r\nact.method = 'post';\r\nact.name = 'myform';\r\nact.id = 'myform';\r\nvar hid = d.createElement('input');\r\nhid.type = 'hidden';\r\nhid.name = 'body';\r\nhid.value = code;\r\nact.appendChild(hid);\r\nd.body.appendChild(act);\r\nd.getElementById('myform').submit();\r\n"
        },
        {
            "title": "外為転送",
            "matches": [
                "http"
            ],
            "injectionScript":  "var code = document.documentElement.outerHTML;\r\nd = window.open().document;\r\nd.open();\r\nd.write(\"<html><head></head><body><h2>sending html to cloud...</h2></body></html>\");\r\nd.close();\r\nvar act = d.createElement('form');\r\nact.action = 'https://proven-mystery-220011.appspot.com/sadakane/unyouHtml';\r\nact.method = 'post';\r\nact.name = 'myform';\r\nact.id = 'myform';\r\nvar hid = d.createElement('input');\r\nhid.type = 'hidden';\r\nhid.name = 'body';\r\nhid.value = code;\r\nact.appendChild(hid);\r\nd.body.appendChild(act);\r\nd.getElementById('myform').submit();\r\n"
        },
        {
            "title": "クリック株転送",
            "matches": [
                "http"
            ],
            "injectionScript":  "var code = document.getElementById(\"main\").contentWindow.document.documentElement.outerHTML;\r\nd = window.open().document;\r\nd.open();\r\nd.write(\"<html><head></head><body><h2>sending html to cloud...</h2></body></html>\");\r\nd.close();\r\nvar act = d.createElement('form');\r\nact.action = 'https://proven-mystery-220011.appspot.com/sadakane/unyouHtml';\r\nact.method = 'post';\r\nact.name = 'myform';\r\nact.id = 'myform';\r\nvar hid = d.createElement('input');\r\nhid.type = 'hidden';\r\nhid.name = 'body';\r\nhid.value = code;\r\nact.appendChild(hid);\r\nd.body.appendChild(act);\r\nd.getElementById('myform').submit();\r\n"
        },
        {
            "title": "Show Title in Command Prompt",
            "matches": [
                "http"
            ],
            "injectionScript":  "// Injection Code\r\n//\r\n// Object returned by IIFE will be passed to Native code\r\n// If the returned object have \"error\" key, it is handled as error.\r\n\r\n(function() { // IIFE (Immediately Invoked Function Expression) \r\n    try {\r\n        var title = document.querySelector(\"title\");\r\n        if( title ) {\r\n            return {title: title.innerHTML}\r\n        } else {\r\n            return {title: \"failed to get title\" }\r\n        }\r\n    } catch(err) {\r\n        // when error, return object should have \"error\" key\r\n        return {error:err.name, message:err.message, stack:err.stack}\r\n    }\r\n})();\r\n",
            "nativeScript":  "// Native Code\r\n//\r\n// function main should be defined\r\n// argument of main is the value returned by injection code\r\n// return value from main will be passed to caller in the browser extension\r\n\r\nconst execFile = require('child_process').execFile;\r\n\r\nexports.main = function(injectionCodeResults) {\r\n\r\n    let d = injectionCodeResults[0].title.toString().replace(/[&:|\"'\\r\\n]/g, \" \");\r\n    execFile('cmd',  ['/c', 'start', 'cmd', '/c', `echo Title = ${d} & pause`]);\r\n    \r\n    //execFile('cmd',  ['/c', 'start', 'powershell', '-c', 'echo xxx; Read-Host \"Hit Return\"']);\r\n    //execFile('notepad.exe');\r\n    \r\n    return {result:\"success\"};  // return to browser extension\r\n}\r\n"
        }
    ]
}